id,first_name,last_name,email,gender,ip_address
1,Frants,Cavanaugh,fcavanaugh0@si.edu,Male,241.120.203.98
2,Rodolfo,Leaming,rleaming1@google.pl,Male,116.239.39.44
3,Alleen,Caisley,acaisley2@adobe.com,Female,110.141.128.206
4,Herschel,Fozard,hfozard3@elpais.com,Male,81.149.111.93
5,Alasteir,Hauxwell,ahauxwell4@addthis.com,Male,105.36.127.95
6,Gannon,Rubinowitch,grubinowitch5@un.org,Non-binary,74.127.90.142
7,Mart,Sueter,msueter6@nps.gov,Male,214.160.19.241
8,Saxe,McMoyer,smcmoyer7@latimes.com,Male,16.130.62.247
9,Albrecht,Tethcote,atethcote8@barnesandnoble.com,Male,78.107.53.114
10,Maud,Firmage,mfirmage9@gmpg.org,Female,19.248.101.178
11,Jewel,Croney,jcroneya@dailymotion.com,Female,209.213.120.224
12,Gay,McChruiter,gmcchruiterb@tiny.cc,Female,61.34.97.22
13,Grata,Ravilious,graviliousc@yale.edu,Female,132.211.150.215
14,Catharina,Delahunty,cdelahuntyd@virginia.edu,Female,13.119.178.129
15,Constancia,Clementel,cclementele@shareasale.com,Female,168.149.79.237
16,Morgana,Curtoys,mcurtoysf@gov.uk,Female,242.76.129.180
17,Maighdiln,Buske,mbuskeg@time.com,Female,171.122.121.220
18,Annamarie,Renehan,arenehanh@yellowpages.com,Female,205.223.6.0
19,Joshua,Strute,jstrutei@linkedin.com,Male,156.90.139.40
20,Herc,Chillingsworth,hchillingsworthj@thetimes.co.uk,Agender,125.119.59.77
21,Powell,Palomba,ppalombak@naver.com,Male,138.221.39.81
22,Jilleen,Neilson,jneilsonl@t-online.de,Female,205.30.240.72
23,Geralda,Marquand,gmarquandm@nps.gov,Female,122.85.64.128
24,Carney,Trill,ctrilln@usda.gov,Male,200.133.45.246
25,Donella,Orry,dorryo@canalblog.com,Female,49.90.40.191
26,Karel,Handrik,khandrikp@ocn.ne.jp,Male,1.229.62.40
27,Marga,Raggatt,mraggattq@marriott.com,Female,80.105.251.49
28,Arlena,Dicks,adicksr@sina.com.cn,Female,155.247.97.124
29,Donella,Itzik,ditziks@about.me,Female,210.55.194.202
30,Olag,Marlowe,omarlowet@slate.com,Male,104.56.143.241
31,Syman,Tidmarsh,stidmarshu@mit.edu,Male,87.69.187.26
32,Yardley,Haygreen,yhaygreenv@bandcamp.com,Male,122.178.255.79
33,Hunter,McGuire,hmcguirew@usgs.gov,Male,110.208.221.178
34,Brig,Shyram,bshyramx@elegantthemes.com,Male,199.148.245.252
35,Myriam,Fearn,mfearny@newyorker.com,Female,65.212.53.133
36,Claudelle,Quogan,cquoganz@qq.com,Female,110.205.4.187
37,Brenna,Humpage,bhumpage10@china.com.cn,Female,210.167.20.134
38,Broddy,Ambrodi,bambrodi11@yellowbook.com,Male,251.228.52.170
39,Tirrell,Wiersma,twiersma12@prlog.org,Male,83.0.135.42
40,Natala,Gergler,ngergler13@bigcartel.com,Female,160.187.158.39
41,Sandi,Andres,sandres14@histats.com,Female,103.184.226.88
42,Raynor,Orrin,rorrin15@hp.com,Male,113.205.117.43
43,Morgun,Phebey,mphebey16@apache.org,Male,4.62.135.66
44,Jonas,Trotman,jtrotman17@globo.com,Male,148.236.67.201
45,Bobbi,Dulwich,bdulwich18@ed.gov,Female,209.104.240.73
46,Darelle,Sessuns,dsessuns19@wikimedia.org,Female,103.124.137.151
47,Lyn,Von Der Empten,lvonderempten1a@yolasite.com,Male,206.221.153.137
48,Paolo,Gaylor,pgaylor1b@ca.gov,Male,197.142.121.106
49,Silva,Drogan,sdrogan1c@4shared.com,Female,241.132.78.197
50,Son,Giacomello,sgiacomello1d@boston.com,Male,209.222.29.222
51,Leif,Culbert,lculbert1e@posterous.com,Male,2.207.48.96
52,Demetre,Lowen,dlowen1f@samsung.com,Male,110.24.80.70
53,Violet,Ridges,vridges1g@networkadvertising.org,Female,118.20.205.102
54,Cymbre,Keyzman,ckeyzman1h@stumbleupon.com,Polygender,207.131.49.183
55,Jehu,Thurgood,jthurgood1i@cisco.com,Male,32.138.108.164
56,Adey,Flemyng,aflemyng1j@people.com.cn,Female,251.135.107.107
57,Vic,Alloway,valloway1k@sohu.com,Male,172.174.30.158
58,Arni,Haill,ahaill1l@topsy.com,Male,65.177.160.187
59,Freemon,Tincknell,ftincknell1m@joomla.org,Male,142.49.30.180
60,Ninnetta,Fussen,nfussen1n@dropbox.com,Female,95.153.105.161
61,Che,Malden,cmalden1o@bravesites.com,Male,235.213.226.44
62,Caesar,Bramwich,cbramwich1p@google.ca,Agender,222.122.72.144
63,Ginnie,Stoppard,gstoppard1q@whitehouse.gov,Female,47.28.192.63
64,Brewer,Mutlow,bmutlow1r@sun.com,Male,168.132.0.145
65,Agustin,Levene,alevene1s@wikipedia.org,Male,207.205.167.165
66,Patrizius,Robyns,probyns1t@scribd.com,Male,14.105.60.200
67,Sanson,Jorczyk,sjorczyk1u@nhs.uk,Male,222.208.138.233
68,Kissiah,Pearse,kpearse1v@canalblog.com,Female,205.132.82.94
69,Peggie,Tows,ptows1w@cloudflare.com,Genderfluid,11.65.43.11
70,Missie,Lambirth,mlambirth1x@ft.com,Female,252.185.226.202
71,Frederik,MacRonald,fmacronald1y@canalblog.com,Male,116.148.98.15
72,Gigi,Bohlmann,gbohlmann1z@auda.org.au,Polygender,76.185.216.127
73,Zachary,Edgeson,zedgeson20@pagesperso-orange.fr,Male,157.231.242.51
74,Erna,Mostyn,emostyn21@cnn.com,Female,165.92.15.84
75,Sampson,Danne,sdanne22@github.io,Male,52.206.11.247
76,Domeniga,Smedmoor,dsmedmoor23@uiuc.edu,Female,66.138.5.246
77,Jonathon,Grimmer,jgrimmer24@psu.edu,Male,58.63.37.77
78,Brodie,Yousef,byousef25@paypal.com,Male,93.202.73.218
79,Ganny,Bravey,gbravey26@cafepress.com,Genderqueer,156.63.133.247
80,Lucias,Stanaway,lstanaway27@linkedin.com,Male,186.246.50.162
81,Elonore,Chettoe,echettoe28@geocities.com,Female,219.250.118.137
82,Cori,di Rocca,cdirocca29@gmpg.org,Female,16.149.172.56
83,Dov,Bangiard,dbangiard2a@irs.gov,Male,122.234.3.88
84,Dunn,Benner,dbenner2b@so-net.ne.jp,Male,40.5.170.174
85,Missy,Dressel,mdressel2c@rediff.com,Female,19.245.238.24
86,Francesca,Jurisic,fjurisic2d@latimes.com,Polygender,97.111.236.53
87,Mechelle,Tampling,mtampling2e@amazon.de,Female,126.38.8.3
88,Bertrand,Boffey,bboffey2f@qq.com,Male,156.20.202.138
89,Arny,Wall,awall2g@netvibes.com,Male,51.127.210.29
90,Herve,Breffit,hbreffit2h@bluehost.com,Male,237.63.150.15
91,Wilie,Caff,wcaff2i@amazon.co.uk,Female,13.232.99.128
92,Kara,Oughtright,koughtright2j@ifeng.com,Female,180.49.51.60
93,Artus,Whillock,awhillock2k@independent.co.uk,Male,225.171.60.192
94,Ellwood,Harnes,eharnes2l@drupal.org,Male,216.84.50.240
95,Camey,Bowne,cbowne2m@statcounter.com,Male,89.131.63.248
96,Law,Biagi,lbiagi2n@nifty.com,Male,61.246.250.184
97,Aube,Font,afont2o@ucoz.com,Male,71.114.254.168
98,Nady,Nand,nnand2p@upenn.edu,Female,73.53.111.69
99,Armin,Pickerell,apickerell2q@yahoo.com,Male,239.170.247.59
100,Gusta,Felderer,gfelderer2r@aol.com,Female,187.51.219.24
101,Donnamarie,Coppard,dcoppard2s@quantcast.com,Female,190.127.150.28
102,Joya,Yaakov,jyaakov2t@columbia.edu,Bigender,121.151.93.92
103,Cleon,Oldrey,coldrey2u@omniture.com,Male,245.105.22.210
104,Miller,Tindall,mtindall2v@theguardian.com,Male,186.188.137.164
105,Kennedy,Stock,kstock2w@is.gd,Male,188.55.117.173
106,Candice,Redd,credd2x@list-manage.com,Polygender,163.20.67.15
107,Cathe,McGonnell,cmcgonnell2y@ebay.co.uk,Female,174.137.118.236
108,Melody,Gaynes,mgaynes2z@nydailynews.com,Female,185.19.27.162
109,Harrison,Thornewell,hthornewell30@washington.edu,Male,135.13.137.177
110,Arliene,Dreier,adreier31@goo.gl,Female,88.220.224.110
111,Pen,McAdam,pmcadam32@wiley.com,Female,166.102.171.55
112,Tonia,Gunderson,tgunderson33@yale.edu,Female,87.60.38.160
113,Ephrayim,Dominici,edominici34@storify.com,Male,253.118.155.48
114,Evey,Lismer,elismer35@cyberchimps.com,Female,99.221.190.113
115,Koressa,Duchant,kduchant36@naver.com,Female,25.56.252.145
116,Guillema,Maidens,gmaidens37@wikimedia.org,Female,110.246.50.20
117,Anallese,Teliga,ateliga38@ehow.com,Female,254.249.181.208
118,Libbey,Gatherer,lgatherer39@ox.ac.uk,Female,95.204.100.58
119,Gretel,Papes,gpapes3a@g.co,Female,234.210.208.102
120,Humberto,Papis,hpapis3b@shop-pro.jp,Male,103.254.210.175
121,Sara,Summerly,ssummerly3c@hugedomains.com,Female,72.217.236.250
122,Jessie,Staining,jstaining3d@mail.ru,Female,187.162.32.21
123,Enoch,Olesen,eolesen3e@diigo.com,Male,57.171.208.183
124,Maegan,Tattersall,mtattersall3f@bbb.org,Female,195.172.218.178
125,Andreas,Fellgett,afellgett3g@delicious.com,Male,77.23.122.18
126,Wendell,Laddle,wladdle3h@earthlink.net,Male,155.235.122.200
127,Pam,Harnes,pharnes3i@jimdo.com,Female,39.2.102.81
128,Kurt,Marzellano,kmarzellano3j@mac.com,Male,74.102.39.82
129,Federica,Dornin,fdornin3k@nytimes.com,Female,23.125.183.72
130,Manolo,Battrick,mbattrick3l@instagram.com,Male,185.25.142.224
131,Winston,Sorbie,wsorbie3m@mac.com,Male,142.240.51.229
132,Kial,Toffalo,ktoffalo3n@google.ru,Female,119.119.123.123
133,Nicolle,Atthowe,natthowe3o@dell.com,Female,10.180.96.134
134,Manfred,Dudman,mdudman3p@nifty.com,Male,116.36.106.21
135,Yolanda,Olivey,yolivey3q@theguardian.com,Female,211.82.146.15
136,Cassie,Judron,cjudron3r@irs.gov,Female,230.111.224.208
137,Lynn,Blamphin,lblamphin3s@tripadvisor.com,Male,152.225.82.150
138,Daile,Peacop,dpeacop3t@dedecms.com,Female,93.112.116.18
139,Murial,Rowney,mrowney3u@java.com,Female,138.142.80.74
140,Letisha,Cressor,lcressor3v@geocities.com,Female,151.158.158.36
141,Muffin,Fancourt,mfancourt3w@unesco.org,Female,197.195.162.44
142,Wells,Santhouse,wsanthouse3x@huffingtonpost.com,Male,115.240.55.10
143,Fanchon,Megany,fmegany3y@baidu.com,Female,251.193.225.90
144,Felike,Kelland,fkelland3z@indiatimes.com,Male,115.115.158.171
145,Ashley,Gomar,agomar40@gnu.org,Female,144.232.117.0
146,Brandon,Adriaan,badriaan41@g.co,Male,97.118.118.117
147,Aveline,Munday,amunday42@apple.com,Female,63.28.83.54
148,Charmaine,Mordin,cmordin43@uiuc.edu,Female,57.81.83.117
149,Nye,Bulpitt,nbulpitt44@gravatar.com,Male,11.132.23.33
150,Forbes,Roads,froads45@pcworld.com,Male,66.157.148.84
151,Arie,Leeb,aleeb46@google.ru,Male,141.91.176.178
152,Terry,Hurst,thurst47@independent.co.uk,Female,27.170.47.168
153,Ag,Kauschke,akauschke48@artisteer.com,Female,225.121.216.242
154,Jeri,Mouat,jmouat49@stanford.edu,Polygender,219.88.98.126
155,Loretta,Schustl,lschustl4a@dailymotion.com,Female,50.39.220.214
156,Fara,Mordacai,fmordacai4b@cam.ac.uk,Female,153.158.59.43
157,Shelba,Sewill,ssewill4c@mysql.com,Female,42.197.105.42
158,Sigismondo,Cartmer,scartmer4d@geocities.com,Male,9.219.15.76
159,Caryl,Raubenheimers,craubenheimers4e@edublogs.org,Male,32.13.34.186
160,Chrotoem,Gagg,cgagg4f@wordpress.com,Male,138.95.27.228
161,Myrta,Roskam,mroskam4g@yahoo.com,Female,100.0.128.129
162,Bonnibelle,Brunet,bbrunet4h@trellian.com,Female,13.223.58.225
163,Lonni,Breckon,lbreckon4i@comcast.net,Female,117.3.233.104
164,Nichol,Chipp,nchipp4j@sakura.ne.jp,Female,45.61.13.167
165,Maegan,Laimable,mlaimable4k@biblegateway.com,Female,52.224.250.92
166,Tammy,MacKenzie,tmackenzie4l@wikipedia.org,Male,143.205.255.219
167,Aigneis,Fipp,afipp4m@domainmarket.com,Female,6.66.73.106
168,Garnet,McGready,gmcgready4n@studiopress.com,Female,162.113.170.252
169,Damara,Bowkley,dbowkley4o@addtoany.com,Female,251.209.100.244
170,Marlow,Scotter,mscotter4p@mayoclinic.com,Male,159.71.170.236
171,Ynez,Dobbs,ydobbs4q@xrea.com,Female,204.8.178.142
172,Leodora,Stothert,lstothert4r@cisco.com,Female,156.95.235.4
173,Winn,Moreton,wmoreton4s@reuters.com,Male,92.235.65.37
174,Evan,Fagence,efagence4t@elpais.com,Non-binary,7.86.32.177
175,Magdalene,Burwood,mburwood4u@jimdo.com,Female,50.24.177.122
176,Vittorio,Bridgett,vbridgett4v@hud.gov,Male,245.186.217.200
177,Cory,Pampling,cpampling4w@abc.net.au,Female,26.218.141.109
178,Tony,Livett,tlivett4x@cocolog-nifty.com,Male,203.196.238.219
179,Cassi,Blatchford,cblatchford4y@friendfeed.com,Female,142.7.58.189
180,Kimble,Behrend,kbehrend4z@washingtonpost.com,Male,43.25.228.94
181,Lanita,Peddersen,lpeddersen50@phoca.cz,Female,191.4.75.4
182,Francine,Nipper,fnipper51@bravesites.com,Female,38.227.30.231
183,Celestine,Bench,cbench52@china.com.cn,Genderfluid,206.49.26.81
184,Claudia,Besnardeau,cbesnardeau53@netlog.com,Female,212.52.37.41
185,Miof mela,Ollerearnshaw,mollerearnshaw54@census.gov,Female,114.176.157.29
186,Sherrie,Spitell,sspitell55@yolasite.com,Female,212.45.64.74
187,Jaimie,Tilley,jtilley56@diigo.com,Non-binary,143.125.175.136
188,Britni,Trenouth,btrenouth57@twitter.com,Bigender,216.122.220.231
189,Lana,Faloon,lfaloon58@irs.gov,Female,106.116.252.55
190,Babb,Duchart,bduchart59@instagram.com,Non-binary,245.22.53.102
191,Tades,Sheryne,tsheryne5a@ameblo.jp,Male,227.95.201.247
192,Nichole,Popeley,npopeley5b@zdnet.com,Female,74.17.61.90
193,Neall,Jendrassik,njendrassik5c@who.int,Male,165.60.243.55
194,Homerus,Tapenden,htapenden5d@delicious.com,Male,220.220.126.248
195,Gracia,Anear,ganear5e@instagram.com,Non-binary,9.214.65.187
196,Carie,Taborre,ctaborre5f@hhs.gov,Female,97.223.20.162
197,Fanechka,Piggen,fpiggen5g@go.com,Female,153.56.107.234
198,Leslie,Doward,ldoward5h@xing.com,Male,109.252.229.167
199,Donall,Causer,dcauser5i@live.com,Male,151.81.186.203
200,Tonia,Shewry,tshewry5j@princeton.edu,Female,88.117.203.42
201,Jemimah,Bonson,jbonson5k@shutterfly.com,Female,2.0.238.116
202,Sanford,Negro,snegro5l@ihg.com,Male,124.54.39.217
203,Helenka,Mattecot,hmattecot5m@naver.com,Female,245.187.27.22
204,Alyda,Durrad,adurrad5n@un.org,Female,62.91.10.5
205,Yolanda,Quarmby,yquarmby5o@ycombinator.com,Female,93.47.251.250
206,King,Spavins,kspavins5p@ed.gov,Male,114.42.79.217
207,Lacee,Chesterfield,lchesterfield5q@moonfruit.com,Female,101.42.211.169
208,Marjie,Imlach,mimlach5r@gov.uk,Female,215.233.203.31
209,Kandy,Wrench,kwrench5s@theatlantic.com,Female,200.46.30.167
210,Gabriello,Howler,ghowler5t@flavors.me,Male,58.29.32.222
211,Micheal,Brosi,mbrosi5u@washingtonpost.com,Male,229.112.193.236
212,Anet,Emlin,aemlin5v@t-online.de,Female,196.220.49.137
213,Toby,Polsin,tpolsin5w@domainmarket.com,Female,97.158.144.13
214,Greer,Jandac,gjandac5x@wisc.edu,Female,77.171.50.77
215,Willette,Perrottet,wperrottet5y@miitbeian.gov.cn,Female,17.228.102.232
216,Marcie,Djurevic,mdjurevic5z@addthis.com,Female,26.44.91.163
217,Inessa,Philot,iphilot60@jugem.jp,Female,10.81.205.220
218,Elysha,Spinas,espinas61@infoseek.co.jp,Female,208.119.11.189
219,Berti,Corteis,bcorteis62@sohu.com,Male,166.120.221.199
220,Crystie,Connock,cconnock63@java.com,Female,74.2.142.109
221,Kirby,Dalliwater,kdalliwater64@state.gov,Male,51.239.215.252
222,Griffith,Chantrell,gchantrell65@census.gov,Male,105.175.68.76
223,Tresa,Lamborn,tlamborn66@infoseek.co.jp,Female,91.116.147.203
224,Melany,Wells,mwells67@china.com.cn,Female,166.247.218.165
225,Wat,Doudney,wdoudney68@yolasite.com,Male,84.43.62.203
226,Lillis,Benham,lbenham69@blinklist.com,Female,107.41.132.45
227,Catlaina,Leborgne,cleborgne6a@livejournal.com,Female,124.48.150.32
228,Adolpho,Dowglass,adowglass6b@craigslist.org,Male,87.136.152.69
229,Sonny,McGannon,smcgannon6c@google.com.au,Male,235.129.31.87
230,Forster,Denyakin,fdenyakin6d@howstuffworks.com,Male,115.46.170.199
231,Sybilla,Stickford,sstickford6e@bloglines.com,Female,248.243.122.248
232,Else,Yellowlea,eyellowlea6f@ftc.gov,Genderqueer,60.56.161.173
233,Cass,Mc Faul,cmcfaul6g@psu.edu,Male,68.115.103.206
234,Sheridan,Schimann,sschimann6h@apple.com,Male,8.146.107.171
235,Zuzana,Keijser,zkeijser6i@tamu.edu,Female,149.100.185.60
236,Elnar,Noriega,enoriega6j@virginia.edu,Male,247.249.120.180
237,Mario,Shenley,mshenley6k@dailymail.co.uk,Male,230.164.179.131
238,Emmye,Tripett,etripett6l@nhs.uk,Female,114.217.110.199
239,Ferdinand,Kensitt,fkensitt6m@shareasale.com,Male,159.11.43.85
240,Inge,Pechell,ipechell6n@weebly.com,Genderqueer,109.125.12.88
241,Appolonia,Axel,aaxel6o@eepurl.com,Female,109.148.12.1
242,Toiboid,Gaither,tgaither6p@yandex.ru,Male,227.29.173.8
243,Barnard,Oley,boley6q@wordpress.org,Male,132.102.155.112
244,Katharyn,Maskrey,kmaskrey6r@dropbox.com,Female,117.44.29.61
245,Kara-lynn,Concannon,kconcannon6s@answers.com,Female,134.171.194.137
246,Glynnis,Cawsy,gcawsy6t@etsy.com,Female,51.57.63.107
247,Thoma,Salliere,tsalliere6u@hao123.com,Male,202.164.198.187
248,Doralynne,Martygin,dmartygin6v@lycos.com,Female,75.2.173.46
249,Riordan,Jorat,rjorat6w@privacy.gov.au,Polygender,250.109.202.33
250,Conny,Simmgen,csimmgen6x@twitter.com,Non-binary,155.254.160.213
251,Deena,Dougill,ddougill6y@home.pl,Bigender,225.173.240.75
252,Rosalynd,Price,rprice6z@studiopress.com,Female,163.90.173.66
253,Meriel,Assur,massur70@addthis.com,Female,13.162.250.14
254,Dav,Moreinis,dmoreinis71@trellian.com,Polygender,132.31.241.239
255,Isak,Gennrich,igennrich72@constantcontact.com,Male,61.114.243.201
256,Cacilia,Birtley,cbirtley73@behance.net,Female,7.92.142.172
257,Myrilla,Fanning,mfanning74@netscape.com,Female,159.137.198.231
258,Maure,Raison,mraison75@economist.com,Female,246.246.142.77
259,Marion,Gilberthorpe,mgilberthorpe76@google.pl,Male,211.98.250.228
260,Romeo,Challenor,rchallenor77@php.net,Male,29.216.196.137
261,Faina,Ertelt,fertelt78@japanpost.jp,Female,21.23.151.110
262,Flore,L' Anglois,flanglois79@sciencedaily.com,Female,53.243.32.90
263,Rosamund,Hastilow,rhastilow7a@youtu.be,Female,59.128.127.68
264,Chandler,Hrynczyk,chrynczyk7b@go.com,Male,203.179.210.194
265,Onfre,De la Barre,odelabarre7c@google.com.au,Male,29.173.160.247
266,Mabel,Grishin,mgrishin7d@bandcamp.com,Female,121.183.203.55
267,Tomasina,Laible,tlaible7e@wikia.com,Female,238.164.91.44
268,Arvie,Greatex,agreatex7f@netlog.com,Non-binary,200.14.200.90
269,Verena,Ashmole,vashmole7g@storify.com,Female,41.133.248.251
270,Eloisa,Wennam,ewennam7h@nytimes.com,Female,234.97.144.131
271,Frannie,O'Lochan,folochan7i@sina.com.cn,Female,69.130.200.227
272,Prentiss,Mandell,pmandell7j@ow.ly,Male,81.75.107.214
273,Tamas,Norridge,tnorridge7k@moonfruit.com,Bigender,32.46.34.60
274,Marlee,Dewsnap,mdewsnap7l@adobe.com,Female,205.125.31.248
275,Cullin,Pomfrey,cpomfrey7m@answers.com,Male,150.195.215.209
276,Tammie,Grealey,tgrealey7n@techcrunch.com,Male,178.243.240.253
277,Kerwin,Feltoe,kfeltoe7o@wsj.com,Male,28.209.3.41
278,Cyb,Hatherill,chatherill7p@dailymail.co.uk,Female,163.31.237.44
279,Angele,Linn,alinn7q@surveymonkey.com,Female,102.253.137.122
280,Lynn,Spinas,lspinas7r@vimeo.com,Genderfluid,135.19.37.118
281,Hansiain,Slatford,hslatford7s@shutterfly.com,Male,92.190.110.10
282,Baxie,O'Kane,bokane7t@edublogs.org,Male,20.185.156.48
283,Chicky,Rawsthorne,crawsthorne7u@vk.com,Male,120.226.198.162
284,Case,Have,chave7v@ebay.co.uk,Bigender,23.193.149.46
285,Carlos,Boldock,cboldock7w@comsenz.com,Male,200.22.183.143
286,Jonathan,Work,jwork7x@illinois.edu,Male,60.123.11.116
287,Mead,Michelet,mmichelet7y@tinypic.com,Male,29.76.207.32
288,Isacco,Hassan,ihassan7z@skyrock.com,Male,140.157.143.88
289,Adrianna,Clulee,aclulee80@ox.ac.uk,Female,29.172.135.181
290,Reginauld,McCroary,rmccroary81@cyberchimps.com,Agender,231.176.46.230
291,Elias,Schafer,eschafer82@blogspot.com,Male,79.222.32.83
292,Harvey,Dyson,hdyson83@google.com,Male,113.225.29.64
293,Griselda,Ruttgers,gruttgers84@boston.com,Female,5.133.195.215
294,Wilburt,Vinker,wvinker85@nifty.com,Male,21.2.77.191
295,Maris,Jotham,mjotham86@shutterfly.com,Female,64.178.112.213
296,Joelynn,Condy,jcondy87@bandcamp.com,Genderqueer,110.214.173.112
297,Lanni,Aristide,laristide88@intel.com,Female,134.170.243.157
298,Allen,Middle,amiddle89@upenn.edu,Male,107.205.102.76
299,Timmy,Ebi,tebi8a@state.tx.us,Male,112.73.56.163
300,Tillie,Hemphrey,themphrey8b@utexas.edu,Female,164.226.89.127
301,Cary,Caltun,ccaltun8c@so-net.ne.jp,Female,244.41.179.198
302,Zsazsa,Sweatland,zsweatland8d@dagondesign.com,Female,55.60.241.230
303,Bay,Cruddas,bcruddas8e@google.fr,Male,19.246.219.89
304,Pandora,Davy,pdavy8f@paypal.com,Female,23.118.136.13
305,Gram,Olivas,golivas8g@umn.edu,Male,37.237.81.91
306,Milka,Bowker,mbowker8h@vimeo.com,Female,202.45.183.148
307,Drew,Olenin,dolenin8i@acquirethisname.com,Male,172.85.127.95
308,Teodoro,Ivachyov,tivachyov8j@google.it,Male,81.80.142.186
309,Skell,Sieghart,ssieghart8k@paginegialle.it,Male,68.120.78.117
310,Danica,Mannion,dmannion8l@rediff.com,Female,211.88.239.39
311,Edith,MacCart,emaccart8m@ft.com,Female,234.189.8.203
312,Bethena,Enrietto,benrietto8n@issuu.com,Genderqueer,52.27.8.170
313,Shandie,Millier,smillier8o@yellowbook.com,Female,133.211.43.14
314,Maximilien,Graith,mgraith8p@marriott.com,Male,118.178.161.153
315,Mendy,McShane,mmcshane8q@i2i.jp,Male,133.55.163.237
316,Carina,Caughey,ccaughey8r@gravatar.com,Female,1.246.85.104
317,Antony,MacArd,amacard8s@tinyurl.com,Male,69.178.159.222
318,Dalton,Fidgeon,dfidgeon8t@chron.com,Male,222.17.33.11
319,Daven,Thorsen,dthorsen8u@domainmarket.com,Male,106.195.76.167
320,Giselbert,Vaud,gvaud8v@wix.com,Agender,179.67.245.176
321,Elaine,Gerbl,egerbl8w@qq.com,Female,246.200.3.187
322,Ab,Broadfield,abroadfield8x@springer.com,Male,68.165.104.133
323,Nert,Batalini,nbatalini8y@so-net.ne.jp,Female,117.241.255.7
324,Marnie,Bourges,mbourges8z@soup.io,Female,198.177.22.176
325,Harriet,Brickhill,hbrickhill90@mlb.com,Female,163.53.82.1
326,Nicki,Gatrell,ngatrell91@twitter.com,Female,156.254.165.12
327,Baudoin,Kyteley,bkyteley92@woothemes.com,Male,130.43.40.153
328,Randy,Ceyssen,rceyssen93@wufoo.com,Male,69.151.124.46
329,Alford,Govier,agovier94@europa.eu,Male,121.20.67.185
330,Libbi,Katzmann,lkatzmann95@pbs.org,Female,104.234.248.88
331,Casie,Tregenna,ctregenna96@skyrock.com,Female,64.144.47.179
332,Chane,Vannacci,cvannacci97@sakura.ne.jp,Agender,150.110.152.58
333,Janaya,Kitchaside,jkitchaside98@nytimes.com,Female,13.142.218.46
334,Jacquetta,Glasscoe,jglasscoe99@tmall.com,Female,9.255.184.1
335,Even,D'Enrico,edenrico9a@salon.com,Agender,182.18.194.19
336,Chilton,Merington,cmerington9b@weebly.com,Male,138.146.139.70
337,Petra,Plumer,pplumer9c@noaa.gov,Female,154.57.36.194
338,Viole,Readie,vreadie9d@xinhuanet.com,Female,48.6.130.58
339,Hilary,Seabrooke,hseabrooke9e@storify.com,Female,12.131.248.46
340,Alie,Manssuer,amanssuer9f@boston.com,Polygender,178.130.41.8
341,Allix,Myatt,amyatt9g@multiply.com,Female,89.29.121.245
342,Irv,Knee,iknee9h@rakuten.co.jp,Polygender,138.253.193.179
343,Carmela,De Vile,cdevile9i@gnu.org,Female,68.249.87.78
344,Vivianne,Eastway,veastway9j@booking.com,Female,52.250.42.51
345,Adel,Georgins,ageorgins9k@miibeian.gov.cn,Genderqueer,221.148.49.93
346,Paco,Boulds,pboulds9l@devhub.com,Male,144.11.186.185
347,Xavier,Cassie,xcassie9m@slashdot.org,Male,205.54.70.132
348,Pattie,Ughetti,pughetti9n@usda.gov,Bigender,73.78.55.187
349,Joanie,Snelman,jsnelman9o@patch.com,Female,180.214.158.69
350,Tadeo,Finden,tfinden9p@tinyurl.com,Male,116.119.238.176
351,Hiram,Klejna,hklejna9q@sun.com,Male,33.87.76.21
352,Marilee,Staniforth,mstaniforth9r@ameblo.jp,Female,140.77.156.102
353,Stanislas,Murrie,smurrie9s@admin.ch,Male,19.42.228.52
354,Fielding,Ridgeway,fridgeway9t@ucsd.edu,Male,166.208.231.219
355,Abbey,Baiyle,abaiyle9u@icio.us,Genderqueer,32.222.20.34
356,Corly,Crielly,ccrielly9v@census.gov,Agender,138.144.85.88
357,Salomon,Koop,skoop9w@slashdot.org,Male,112.126.207.101
358,Kathryn,Vennard,kvennard9x@pinterest.com,Female,36.152.168.194
359,Agna,Meaney,ameaney9y@booking.com,Female,139.172.191.92
360,Rubi,Romera,rromera9z@illinois.edu,Female,112.67.100.253
361,Elia,Sokale,esokalea0@usa.gov,Male,135.132.241.2
362,Irv,Eddowes,ieddowesa1@bloglovin.com,Male,198.202.235.34
363,Marius,Ferrao,mferraoa2@ow.ly,Male,186.74.140.97
364,Jefferson,McNulty,jmcnultya3@businessinsider.com,Male,220.18.87.116
365,Kettie,Vasyukov,kvasyukova4@comsenz.com,Female,217.204.11.11
366,Kandy,Galsworthy,kgalsworthya5@over-blog.com,Female,6.238.224.235
367,Stormi,Drohan,sdrohana6@odnoklassniki.ru,Female,235.126.249.250
368,Washington,Doull,wdoulla7@unesco.org,Male,226.58.7.115
369,Simonette,Kiera,skieraa8@reddit.com,Female,19.158.33.12
370,Pansy,Layzell,playzella9@utexas.edu,Female,174.21.67.245
371,Christoper,Bagnall,cbagnallaa@ucsd.edu,Male,225.113.1.248
372,Aleen,Rossin,arossinab@samsung.com,Female,53.248.231.27
373,Marlin,Castree,mcastreeac@wsj.com,Genderfluid,250.43.172.101
374,Maje,Mushrow,mmushrowad@geocities.jp,Male,50.33.139.167
375,Jannelle,Bailey,jbaileyae@jigsy.com,Female,8.229.48.50
376,Joella,Sommerly,jsommerlyaf@symantec.com,Female,201.37.127.202
377,Chester,Kettlestringe,ckettlestringeag@mozilla.com,Male,24.161.141.184
378,Cassie,Ickowicz,cickowiczah@flickr.com,Female,212.13.192.189
379,Celie,Redding,creddingai@craigslist.org,Female,68.149.156.138
380,Regan,Brandrick,rbrandrickaj@constantcontact.com,Female,46.4.13.178
381,Jonathan,Chestnut,jchestnutak@apple.com,Male,96.135.110.14
382,Shell,Boyde,sboydeal@vistaprint.com,Male,6.54.149.7
383,Norman,Sommersett,nsommersettam@mac.com,Male,168.195.158.101
384,Nickola,Cardis,ncardisan@nps.gov,Male,184.110.233.155
385,Den,Boadby,dboadbyao@deliciousdays.com,Male,220.81.73.81
386,Stephanie,Brimblecomb,sbrimblecombap@adobe.com,Agender,168.83.38.185
387,Jenica,Neighbour,jneighbouraq@slideshare.net,Female,149.130.71.172
388,Maisey,Liversley,mliversleyar@pcworld.com,Female,8.39.7.184
389,Aleksandr,Brettor,abrettoras@reuters.com,Male,118.171.247.69
390,Herby,Casebourne,hcasebourneat@illinois.edu,Male,24.112.181.0
391,Mersey,Vennart,mvennartau@sfgate.com,Female,203.126.5.205
392,Carolyne,Amps,campsav@google.co.uk,Female,62.188.208.65
393,Tabbitha,Myner,tmyneraw@alibaba.com,Female,184.99.201.140
394,Kayne,Wrotchford,kwrotchfordax@biblegateway.com,Male,82.157.88.170
395,Cullie,Coveley,ccoveleyay@army.mil,Male,138.160.229.247
396,Jaye,Lansdown,jlansdownaz@usgs.gov,Male,107.113.174.102
397,Marena,Calltone,mcalltoneb0@themeforest.net,Female,55.74.140.101
398,Rahel,Waltho,rwalthob1@vkontakte.ru,Polygender,243.226.216.44
399,Birgit,de Glanville,bdeglanvilleb2@ucla.edu,Female,227.198.104.33
400,Dur,Ringer,dringerb3@boston.com,Male,106.73.100.141
401,Davidson,Ewington,dewingtonb4@studiopress.com,Male,29.81.111.87
402,Lester,Peterkin,lpeterkinb5@diigo.com,Male,44.106.23.79
403,Isidor,Aronovich,iaronovichb6@histats.com,Male,201.152.94.108
404,Cara,Luckcuck,cluckcuckb7@woothemes.com,Female,180.180.184.59
405,Rusty,Kear,rkearb8@ihg.com,Male,24.237.112.95
406,Kelli,Featherby,kfeatherbyb9@ifeng.com,Female,234.232.217.79
407,Anders,St. Quintin,astquintinba@cargocollective.com,Male,160.84.79.119
408,Bryana,Bisp,bbispbb@weibo.com,Female,223.121.56.229
409,Mel,Avery,maverybc@go.com,Female,87.148.94.47
410,Clemente,Godwin,cgodwinbd@quantcast.com,Male,248.63.161.219
411,Ali,Middell,amiddellbe@wired.com,Female,247.146.194.20
412,Sigismund,Poppleton,spoppletonbf@parallels.com,Male,151.81.60.77
413,Aile,Hessing,ahessingbg@yellowbook.com,Female,250.95.228.153
414,Ruperto,Gange,rgangebh@livejournal.com,Male,41.119.13.217
415,Lea,Daltrey,ldaltreybi@arizona.edu,Female,151.96.108.130
416,Burty,Jarad,bjaradbj@cnn.com,Male,226.83.35.212
417,Janaye,Marrill,jmarrillbk@delicious.com,Female,53.10.232.34
418,Cati,Petteford,cpettefordbl@mapquest.com,Non-binary,52.25.112.16
419,Maison,Turpey,mturpeybm@mapquest.com,Male,195.32.47.131
420,Carmelle,Stoffers,cstoffersbn@networkadvertising.org,Female,65.141.200.162
421,Jamison,Mityushin,jmityushinbo@thetimes.co.uk,Male,180.24.47.63
422,Wiatt,Flag,wflagbp@infoseek.co.jp,Male,180.36.250.225
423,Brewer,Roast,broastbq@squarespace.com,Male,2.169.177.249
424,York,Hayfield,yhayfieldbr@youtube.com,Male,162.130.25.149
425,Benny,Lauder,blauderbs@nationalgeographic.com,Male,135.28.158.138
426,Shane,Itzakson,sitzaksonbt@usa.gov,Female,163.99.208.194
427,Homer,De Stoop,hdestoopbu@zimbio.com,Genderqueer,240.178.171.95
428,Trish,Piggen,tpiggenbv@bandcamp.com,Female,63.185.51.91
429,Brewster,Needs,bneedsbw@ovh.net,Male,3.1.74.49
430,Niki,Drinkwater,ndrinkwaterbx@edublogs.org,Male,7.6.54.60
431,Yolande,Munford,ymunfordby@google.pl,Non-binary,96.216.224.175
432,Benton,Wixey,bwixeybz@cyberchimps.com,Male,110.199.27.172
433,Arnold,Dulling,adullingc0@deliciousdays.com,Male,236.173.157.43
434,Rem,Kearn,rkearnc1@ox.ac.uk,Male,148.213.189.170
435,Vernen,Byrth,vbyrthc2@mozilla.org,Male,31.241.78.206
436,Ludvig,Hellwich,lhellwichc3@economist.com,Male,78.108.242.169
437,Denney,Coit,dcoitc4@hao123.com,Male,197.1.191.112
438,Reece,Ibell,ribellc5@xing.com,Male,198.205.212.20
439,Maribelle,Kleewein,mkleeweinc6@squidoo.com,Female,124.207.3.161
440,Umeko,McGaugey,umcgaugeyc7@unblog.fr,Female,62.236.55.119
441,Seamus,Vaughan,svaughanc8@xing.com,Male,96.1.50.160
442,Stewart,Tubritt,stubrittc9@behance.net,Male,79.232.227.95
443,Agosto,Webby,awebbyca@ftc.gov,Male,169.216.134.88
444,Ame,Grange,agrangecb@youtu.be,Female,90.139.205.125
445,Harper,Pettisall,hpettisallcc@state.tx.us,Male,27.95.33.245
446,Rikki,Meriet,rmerietcd@sogou.com,Female,236.172.123.109
447,Everett,Haisell,ehaisellce@surveymonkey.com,Male,101.183.65.1
448,Felix,Rangeley,frangeleycf@smh.com.au,Male,143.1.164.252
449,Issy,Sawday,isawdaycg@nih.gov,Female,64.189.92.110
450,Colver,Trevor,ctrevorch@un.org,Male,103.105.146.196
451,Tiena,Lamort,tlamortci@amazon.de,Female,154.223.248.43
452,Den,Riddall,driddallcj@163.com,Non-binary,191.45.208.129
453,Kinny,O'Feeney,kofeeneyck@domainmarket.com,Male,78.190.140.239
454,Maud,Arnecke,marneckecl@edublogs.org,Female,150.73.4.134
455,Gabe,Towell,gtowellcm@dedecms.com,Male,135.49.16.22
456,Elvyn,Stovin,estovincn@tumblr.com,Male,225.69.159.63
457,Silvio,Urch,surchco@amazon.de,Male,253.60.234.194
458,Den,Faircloth,dfairclothcp@unc.edu,Male,93.213.131.97
459,Debra,Mazdon,dmazdoncq@stumbleupon.com,Female,138.146.129.221
460,Brantley,Crimp,bcrimpcr@ocn.ne.jp,Male,213.17.101.223
461,Florencia,Vasyukhin,fvasyukhincs@economist.com,Female,195.221.198.89
462,Cody,Bottomer,cbottomerct@tripod.com,Male,2.141.17.160
463,Ursola,Wistance,uwistancecu@furl.net,Female,75.30.29.123
464,Elset,Organer,eorganercv@blogtalkradio.com,Female,17.168.97.207
465,Kingsley,Mewhirter,kmewhirtercw@dot.gov,Male,63.204.152.80
466,Nellie,Canedo,ncanedocx@nature.com,Female,223.43.194.214
467,Tiertza,Enders,tenderscy@weibo.com,Female,200.84.150.93
468,Ilario,Kenyam,ikenyamcz@unesco.org,Male,192.49.241.46
469,Chad,Daybell,cdaybelld0@salon.com,Genderqueer,15.3.245.37
470,Marilyn,Kinde,mkinded1@arizona.edu,Female,153.231.185.146
471,Milissent,Drinkwater,mdrinkwaterd2@apache.org,Female,141.106.187.222
472,Levey,Byrth,lbyrthd3@china.com.cn,Male,13.17.81.56
473,Tucky,Reilinger,treilingerd4@hubpages.com,Male,93.100.163.177
474,Cathryn,De La Cote,cdelacoted5@berkeley.edu,Female,173.22.160.151
475,Dukey,Roxbrough,droxbroughd6@go.com,Male,87.131.204.82
476,Beverly,Buttress,bbuttressd7@mtv.com,Female,208.240.150.227
477,Joete,Woodhouse,jwoodhoused8@weibo.com,Female,209.187.225.165
478,Eric,Himpson,ehimpsond9@networksolutions.com,Non-binary,127.106.65.70
479,Lowe,Wortman,lwortmanda@auda.org.au,Male,156.104.216.130
480,Darnall,Luttgert,dluttgertdb@about.com,Male,37.240.219.11
481,Donnell,Vigurs,dvigursdc@irs.gov,Male,178.121.120.112
482,Magdaia,Chmarny,mchmarnydd@pagesperso-orange.fr,Female,150.105.12.153
483,Lucienne,Squeers,lsqueersde@skype.com,Female,122.83.120.7
484,Boony,Thistleton,bthistletondf@drupal.org,Male,81.200.56.245
485,Jedd,Tidman,jtidmandg@cornell.edu,Male,215.10.123.41
486,Esther,Frunks,efrunksdh@msn.com,Female,23.195.141.14
487,Gerhardine,Warlow,gwarlowdi@w3.org,Bigender,73.37.125.23
488,Carlie,Pichan,cpichandj@newyorker.com,Female,8.17.91.109
489,Ruggiero,Whittington,rwhittingtondk@discuz.net,Male,66.180.154.117
490,Alexio,Renny,arennydl@dailymail.co.uk,Male,157.77.188.227
491,Kristos,Baldi,kbaldidm@sciencedirect.com,Male,151.222.76.217
492,Dion,Luberti,dlubertidn@google.co.jp,Female,25.164.228.58
493,Esma,Cunnane,ecunnanedo@slashdot.org,Female,132.207.51.156
494,Cheslie,Strattan,cstrattandp@chron.com,Female,77.41.244.217
495,Agnes,Hansford,ahansforddq@instagram.com,Female,189.38.187.254
496,Dione,Denis,ddenisdr@spotify.com,Female,194.131.245.4
497,Abramo,Lassen,alassends@usatoday.com,Male,213.186.57.217
498,Zandra,McClaurie,zmcclauriedt@goo.gl,Bigender,207.109.222.99
499,Osbourn,Dowbekin,odowbekindu@weibo.com,Male,41.212.72.128
500,Noelle,Althorpe,nalthorpedv@yellowbook.com,Female,128.25.120.204
501,Jorey,Crinkley,jcrinkleydw@hc360.com,Female,68.14.196.105
502,Keary,D'Antoni,kdantonidx@friendfeed.com,Male,179.66.117.173
503,Desmond,Beahan,dbeahandy@army.mil,Male,30.32.204.40
504,Walt,Etchells,wetchellsdz@yelp.com,Male,221.23.180.232
505,Estrellita,Tree,etreee0@friendfeed.com,Female,187.229.176.62
506,Haydon,Durden,hdurdene1@foxnews.com,Male,165.65.101.176
507,Athene,Ipsley,aipsleye2@sciencedaily.com,Female,49.29.84.45
508,Elyse,Rounds,eroundse3@geocities.jp,Bigender,116.50.194.80
509,Lenci,Dudin,ldudine4@netscape.com,Male,8.7.51.83
510,Gweneth,Lynett,glynette5@ca.gov,Female,1.52.159.132
511,Celina,Ramshaw,cramshawe6@google.it,Bigender,200.70.153.227
512,Ruggiero,Giraudot,rgiraudote7@npr.org,Male,251.91.89.22
513,Mabelle,Hansemann,mhansemanne8@list-manage.com,Female,203.239.230.112
514,Bailie,Raybould,brayboulde9@topsy.com,Non-binary,162.83.103.143
515,Celene,Brotherhed,cbrotherhedea@homestead.com,Female,149.30.187.88
516,Arnie,Ville,avilleeb@dion.ne.jp,Male,255.113.31.134
517,Irv,Waudby,iwaudbyec@pen.io,Male,254.30.45.199
518,Martita,Flade,mfladeed@hibu.com,Female,83.242.20.69
519,Kira,Girt,kgirtee@mit.edu,Female,15.212.233.62
520,Isiahi,McColl,imccollef@blogtalkradio.com,Genderqueer,193.112.12.134
521,Tuesday,Deeks,tdeekseg@ca.gov,Female,174.41.95.193
522,Lanae,Kubat,lkubateh@nifty.com,Female,176.159.108.235
523,Avram,Barkaway,abarkawayei@ustream.tv,Male,36.71.70.251
524,Sholom,Aspall,saspallej@php.net,Male,110.9.105.96
525,Myra,Kneel,mkneelek@independent.co.uk,Female,122.92.46.123
526,Hamil,Donlon,hdonlonel@biglobe.ne.jp,Male,43.206.44.190
527,Nonna,Brantzen,nbrantzenem@usnews.com,Female,158.46.38.125
528,Annalee,Thorold,athorolden@twitpic.com,Female,9.197.189.63
529,Corilla,Anthoine,canthoineeo@wisc.edu,Female,116.189.189.92
530,Trixi,Ivkovic,tivkovicep@ihg.com,Female,25.217.72.21
531,Misha,Disbury,mdisburyeq@shareasale.com,Genderfluid,22.39.174.59
532,Salomon,Kerwood,skerwooder@dagondesign.com,Male,71.110.149.108
533,Phyllis,Angus,panguses@phoca.cz,Female,128.30.199.116
534,Ezekiel,Ciccotti,eciccottiet@mapquest.com,Male,41.163.96.181
535,Cheston,Breffitt,cbreffitteu@reuters.com,Male,172.58.134.219
536,Hilde,Lomasny,hlomasnyev@fastcompany.com,Female,24.122.229.38
537,Deeann,Balwin,dbalwinew@t-online.de,Female,152.217.110.211
538,Brig,Tindall,btindallex@g.co,Male,137.177.250.194
539,Carey,Sidebottom,csidebottomey@tuttocitta.it,Bigender,155.81.211.18
540,Janie,Bloyes,jbloyesez@canalblog.com,Female,19.249.12.227
541,Barnebas,Insole,binsolef0@dot.gov,Male,91.245.39.214
542,Vale,Dow,vdowf1@de.vu,Male,212.102.15.204
543,Isaiah,De Metz,idemetzf2@independent.co.uk,Male,233.248.75.114
544,Emmie,Chicco,echiccof3@sphinn.com,Female,110.247.23.222
545,Josselyn,MacCorkell,jmaccorkellf4@deliciousdays.com,Female,97.179.53.255
546,Brnaba,Ugoletti,bugolettif5@paginegialle.it,Male,91.22.120.141
547,Donn,Hellyer,dhellyerf6@bloomberg.com,Male,12.194.57.189
548,Curtis,Slides,cslidesf7@oracle.com,Genderfluid,144.3.110.8
549,Alano,Lyndon,alyndonf8@microsoft.com,Male,252.168.105.137
550,Charla,Cresar,ccresarf9@altervista.org,Female,129.182.101.34
551,Clive,Richemond,crichemondfa@ning.com,Male,69.252.182.166
552,Burnaby,Pullar,bpullarfb@dailymail.co.uk,Male,85.181.114.113
553,Jennie,Du Plantier,jduplantierfc@webmd.com,Bigender,77.83.5.205
554,Tully,Poynton,tpoyntonfd@geocities.com,Male,124.110.236.162
555,Legra,Heard,lheardfe@mit.edu,Female,156.92.0.179
556,Cammy,Chicchetto,cchicchettoff@japanpost.jp,Male,160.231.63.220
557,Shanna,Pape,spapefg@sbwire.com,Female,195.155.39.194
558,Juliana,Jahns,jjahnsfh@qq.com,Female,6.64.180.94
559,Avrit,Ivory,aivoryfi@plala.or.jp,Female,152.82.134.218
560,Halsy,McCalum,hmccalumfj@salon.com,Male,82.166.230.51
561,Kirk,Poad,kpoadfk@nasa.gov,Polygender,173.62.95.95
562,Sindee,Glanister,sglanisterfl@amazon.com,Female,54.116.110.226
563,Gerrard,Anstey,gansteyfm@feedburner.com,Male,210.212.198.21
564,Roxy,Stoppe,rstoppefn@youtu.be,Female,39.137.116.21
565,Heinrick,Womersley,hwomersleyfo@twitter.com,Male,43.254.229.164
566,Lydia,Wainscot,lwainscotfp@epa.gov,Genderqueer,97.176.253.129
567,Melinda,Crosseland,mcrosselandfq@webmd.com,Female,251.226.213.28
568,Bea,Biaggioni,bbiaggionifr@odnoklassniki.ru,Female,188.129.241.28
569,Even,Culbert,eculbertfs@washingtonpost.com,Male,222.160.232.147
570,Maynord,Duligal,mduligalft@state.gov,Male,119.230.222.77
571,Aurea,Corn,acornfu@amazonaws.com,Female,207.110.30.80
572,Earle,Demangeon,edemangeonfv@is.gd,Male,163.66.11.3
573,Jose,Redholes,jredholesfw@bandcamp.com,Male,177.102.253.16
574,Sidnee,Marvin,smarvinfx@reuters.com,Male,39.143.49.8
575,Laura,Orbell,lorbellfy@loc.gov,Female,247.224.158.168
576,Angeli,Perkins,aperkinsfz@icio.us,Male,250.245.22.226
577,Dill,Ralton,draltong0@seattletimes.com,Non-binary,14.72.216.148
578,Marjie,Tossell,mtossellg1@infoseek.co.jp,Female,218.227.65.29
579,Auguste,Tongue,atongueg2@statcounter.com,Female,172.7.128.134
580,Moritz,Barrett,mbarrettg3@cocolog-nifty.com,Male,74.199.180.60
581,Lothario,Ferebee,lferebeeg4@123-reg.co.uk,Male,120.170.33.39
582,Shanta,Brackley,sbrackleyg5@livejournal.com,Female,237.19.153.47
583,Rutherford,Blare,rblareg6@rediff.com,Male,99.16.177.228
584,Misti,Causby,mcausbyg7@vkontakte.ru,Female,247.67.130.219
585,Dot,Tottman,dtottmang8@photobucket.com,Female,100.145.216.168
586,Leeann,Sircomb,lsircombg9@typepad.com,Female,95.190.150.122
587,Quinton,Chalfont,qchalfontga@fda.gov,Male,42.93.95.197
588,Kathye,Leving,klevinggb@a8.net,Female,102.31.121.212
589,Verna,Baynam,vbaynamgc@over-blog.com,Female,77.115.46.174
590,Carmelle,Adamolli,cadamolligd@clickbank.net,Female,222.225.147.19
591,Natasha,Brotherhood,nbrotherhoodge@army.mil,Female,91.116.56.211
592,Franklyn,Spalls,fspallsgf@reverbnation.com,Male,35.48.49.185
593,Christy,Rammell,crammellgg@drupal.org,Female,157.233.2.8
594,Sal,O'Carrol,socarrolgh@biglobe.ne.jp,Genderfluid,177.126.75.201
595,Kaiser,Tyce,ktycegi@imgur.com,Male,8.253.157.19
596,Noble,McLeary,nmclearygj@multiply.com,Male,48.109.171.18
597,Faustina,Screeton,fscreetongk@paypal.com,Female,106.216.223.22
598,Rustin,Perkins,rperkinsgl@senate.gov,Male,110.40.165.124
599,Huntley,Skae,hskaegm@psu.edu,Genderqueer,194.232.21.205
600,Tod,Reeders,treedersgn@nih.gov,Male,218.131.125.56
601,Dawna,Goligher,dgolighergo@washingtonpost.com,Female,167.129.79.130
602,Penn,Kerne,pkernegp@aol.com,Male,41.52.138.126
603,Reuben,Kid,rkidgq@shareasale.com,Male,207.148.131.178
604,Hermon,Blenkin,hblenkingr@barnesandnoble.com,Male,179.110.94.29
605,Abagail,Milksop,amilksopgs@usatoday.com,Female,123.147.185.69
606,Yulma,Kleynen,ykleynengt@answers.com,Male,243.47.81.105
607,Milka,Barling,mbarlinggu@usda.gov,Female,140.193.164.181
608,Allie,Attenbarrow,aattenbarrowgv@un.org,Male,244.236.226.88
609,Dolly,Reneke,drenekegw@studiopress.com,Female,85.74.111.200
610,Jonathon,Jaynes,jjaynesgx@squidoo.com,Polygender,57.162.177.221
611,Briggs,Stratley,bstratleygy@adobe.com,Male,62.85.232.28
612,Levy,Gemelli,lgemelligz@domainmarket.com,Male,181.51.210.43
613,Wallis,Beddows,wbeddowsh0@pcworld.com,Female,240.54.231.85
614,Bonnie,Hagart,bhagarth1@list-manage.com,Female,71.137.28.221
615,Lesli,Bowmaker,lbowmakerh2@meetup.com,Female,141.230.138.107
616,Lenore,Schmuhl,lschmuhlh3@dropbox.com,Female,182.50.220.85
617,Ernest,Hebden,ehebdenh4@illinois.edu,Male,246.204.67.130
618,Jan,Thorowgood,jthorowgoodh5@pinterest.com,Female,197.91.42.17
619,Page,Tunnacliffe,ptunnacliffeh6@go.com,Male,231.33.182.170
620,Somerset,Stillgoe,sstillgoeh7@wikipedia.org,Male,142.230.54.141
621,Wilmar,Malacrida,wmalacridah8@wsj.com,Male,178.115.236.78
622,Odelle,Winyard,owinyardh9@adobe.com,Female,168.215.105.8
623,Jacob,Cuttell,jcuttellha@intel.com,Male,203.239.232.250
624,Bil,Acory,bacoryhb@cnn.com,Male,107.245.166.170
625,Mellisent,Fuente,mfuentehc@businesswire.com,Female,23.236.52.230
626,Caryn,Labbe,clabbehd@hc360.com,Female,236.81.20.34
627,Daria,Lea,dleahe@biblegateway.com,Female,113.159.42.224
628,Meade,Kingaby,mkingabyhf@nps.gov,Female,21.38.102.71
629,Herbie,Stretton,hstrettonhg@yale.edu,Male,70.212.78.204
630,Ambrosio,Gatty,agattyhh@reddit.com,Male,42.126.173.94
631,Gregoire,Coldtart,gcoldtarthi@patch.com,Male,178.15.23.141
632,Hannah,Whitrod,hwhitrodhj@dropbox.com,Female,161.176.248.54
633,Rafaela,Bedward,rbedwardhk@so-net.ne.jp,Female,2.77.83.62
634,Collete,Bonds,cbondshl@skyrock.com,Female,11.88.95.133
635,Klarrisa,Malinowski,kmalinowskihm@sciencedirect.com,Female,43.113.198.220
636,Ulysses,Cortese,ucortesehn@xinhuanet.com,Male,152.94.131.253
637,Bonni,Mac Giany,bmacgianyho@cargocollective.com,Female,205.191.214.192
638,Bent,Shutler,bshutlerhp@slashdot.org,Male,188.62.48.131
639,Gaile,Dron,gdronhq@moonfruit.com,Male,135.191.83.141
640,Lloyd,Tute,ltutehr@yale.edu,Male,137.168.240.247
641,Marthena,Yoseloff,myoseloffhs@discovery.com,Female,2.58.206.232
642,Glyn,Dunbobin,gdunbobinht@newyorker.com,Male,175.194.3.89
643,Dory,McAw,dmcawhu@bloglovin.com,Female,83.243.35.126
644,Tibold,Oehme,toehmehv@reddit.com,Agender,87.16.115.147
645,Hally,Stallen,hstallenhw@ucoz.com,Female,15.196.189.17
646,Seamus,Vacher,svacherhx@huffingtonpost.com,Male,84.194.79.101
647,Edmund,Eldon,eeldonhy@joomla.org,Male,113.74.13.12
648,Griz,Swanborrow,gswanborrowhz@cisco.com,Male,110.176.248.32
649,Dani,Marwood,dmarwoodi0@yellowpages.com,Male,58.164.43.225
650,Abby,Dennant,adennanti1@youtube.com,Female,19.43.187.181
651,Sullivan,Clipston,sclipstoni2@symantec.com,Male,27.190.202.107
652,Haleigh,Spilstead,hspilsteadi3@examiner.com,Female,184.116.78.30
653,Elmore,Alves,ealvesi4@skype.com,Male,69.153.76.67
654,Baird,Raun,brauni5@meetup.com,Male,215.82.100.180
655,Waylon,Owenson,wowensoni6@a8.net,Male,248.110.105.114
656,Cristina,Coxhead,ccoxheadi7@cnet.com,Female,85.83.203.81
657,Deedee,Brock,dbrocki8@nbcnews.com,Female,12.128.136.45
658,Manda,Eveling,mevelingi9@fc2.com,Female,227.96.91.111
659,Carleton,Di Bernardo,cdibernardoia@accuweather.com,Male,58.14.84.244
660,Lindsey,Physick,lphysickib@wikia.com,Female,46.74.166.179
661,Chariot,Edworthye,cedworthyeic@bbb.org,Male,120.215.157.112
662,Phil,Cree,pcreeid@tuttocitta.it,Female,71.189.27.96
663,Foster,Linsey,flinseyie@addthis.com,Male,16.29.26.203
664,Neill,Eastridge,neastridgeif@desdev.cn,Male,131.123.12.185
665,Gusty,Spensly,gspenslyig@parallels.com,Female,88.206.58.173
666,Julianne,Scranedge,jscranedgeih@webeden.co.uk,Female,115.159.172.144
667,Rowena,Cockman,rcockmanii@cdbaby.com,Female,10.94.220.145
668,Nicolina,Hentze,nhentzeij@so-net.ne.jp,Female,146.222.173.69
669,Janelle,Bruckman,jbruckmanik@mapquest.com,Female,66.203.116.223
670,Arnie,Campana,acampanail@1und1.de,Male,81.98.100.44
671,Alejandro,Ferrers,aferrersim@go.com,Male,71.57.194.161
672,Lani,Conachie,lconachiein@ezinearticles.com,Female,140.153.172.164
673,Zacharia,Moresby,zmoresbyio@latimes.com,Male,154.57.98.3
674,Niel,Kristoffersson,nkristofferssonip@nasa.gov,Male,57.173.223.199
675,Nance,Scrace,nscraceiq@loc.gov,Female,28.175.249.87
676,Marlo,Asbury,masburyir@blogger.com,Male,43.72.96.248
677,Agnola,Dracksford,adracksfordis@freewebs.com,Female,220.121.63.233
678,Nicol,Walkden,nwalkdenit@angelfire.com,Male,160.120.177.56
679,Virge,Pamment,vpammentiu@examiner.com,Male,115.177.22.135
680,Ethelind,Clulow,eclulowiv@unblog.fr,Bigender,214.68.186.186
681,Rakel,Schutt,rschuttiw@upenn.edu,Female,250.185.160.24
682,Alisha,McGucken,amcguckenix@timesonline.co.uk,Female,51.18.198.129
683,Timmy,Maro,tmaroiy@miibeian.gov.cn,Male,61.234.98.84
684,Wolfgang,Stennes,wstennesiz@senate.gov,Male,186.70.190.124
685,Noelani,Steel,nsteelj0@auda.org.au,Female,115.115.217.140
686,Steffen,De Simoni,sdesimonij1@state.gov,Male,50.25.147.187
687,Maridel,Goodlip,mgoodlipj2@netscape.com,Female,238.204.230.83
688,Redd,McAteer,rmcateerj3@weebly.com,Male,25.212.181.156
689,Leo,Samwell,lsamwellj4@tinyurl.com,Male,245.121.220.177
690,Edythe,Surguine,esurguinej5@nydailynews.com,Female,107.124.94.225
691,Ranice,Fiddler,rfiddlerj6@amazonaws.com,Female,130.82.8.5
692,Olag,Broadwell,obroadwellj7@yellowpages.com,Male,105.54.210.250
693,Berkeley,Murison,bmurisonj8@sphinn.com,Male,135.3.172.172
694,Tedda,Marquez,tmarquezj9@canalblog.com,Female,240.160.95.127
695,Matt,Janu,mjanuja@senate.gov,Male,197.48.229.201
696,Paul,Sibbet,psibbetjb@spiegel.de,Male,253.214.193.170
697,Brade,Nutting,bnuttingjc@liveinternet.ru,Genderqueer,246.88.223.167
698,Merrel,Ray,mrayjd@so-net.ne.jp,Male,116.86.179.161
699,Michaeline,Dudek,mdudekje@google.de,Female,173.164.236.91
700,Pippo,Madelin,pmadelinjf@studiopress.com,Male,204.89.96.42
701,Cosimo,Skeldinge,cskeldingejg@bbb.org,Male,230.156.10.223
702,Torrie,Dufaur,tdufaurjh@acquirethisname.com,Female,133.52.150.133
703,Raynor,Hogsden,rhogsdenji@bandcamp.com,Male,66.253.199.23
704,Feodor,Hellwich,fhellwichjj@ameblo.jp,Genderqueer,72.35.21.94
705,Chelsie,Camell,ccamelljk@yale.edu,Female,130.220.76.129
706,Carolina,Huggons,chuggonsjl@msn.com,Polygender,239.229.167.228
707,Matthew,Camilletti,mcamillettijm@baidu.com,Male,228.41.64.71
708,Abrahan,Weedall,aweedalljn@last.fm,Male,131.90.13.41
709,Munroe,Legerton,mlegertonjo@prweb.com,Male,80.225.174.61
710,Nydia,Doxsey,ndoxseyjp@icio.us,Female,227.66.77.140
711,Gabby,Pickerell,gpickerelljq@adobe.com,Male,50.140.199.220
712,Clemmie,Hyndson,chyndsonjr@scientificamerican.com,Male,255.199.4.206
713,Desi,Roust,droustjs@utexas.edu,Male,78.111.155.86
714,Nariko,Beamand,nbeamandjt@shinystat.com,Female,172.178.141.55
715,Jere,Coger,jcogerju@si.edu,Female,169.16.122.32
716,Ilario,Wetherick,iwetherickjv@discovery.com,Male,112.108.73.101
717,Grace,O'Currigan,gocurriganjw@sourceforge.net,Non-binary,235.148.251.205
718,Marget,Gheeorghie,mgheeorghiejx@myspace.com,Female,121.36.124.7
719,Violetta,Storrar,vstorrarjy@goo.gl,Genderqueer,220.112.231.118
720,Ida,Dawtry,idawtryjz@cam.ac.uk,Female,255.30.108.133
721,Rodger,McGibbon,rmcgibbonk0@pen.io,Male,216.103.192.78
722,Hersh,Bennett,hbennettk1@unc.edu,Male,12.94.209.64
723,Pris,Domerq,pdomerqk2@ca.gov,Female,213.216.199.37
724,Esta,Mattocks,emattocksk3@sphinn.com,Female,35.249.167.227
725,Meta,Grizard,mgrizardk4@shinystat.com,Bigender,98.231.94.144
726,Smith,Nanetti,snanettik5@google.com.hk,Male,108.140.79.248
727,Eric,Hayle,ehaylek6@wiley.com,Non-binary,206.235.218.219
728,Donella,Whatman,dwhatmank7@domainmarket.com,Female,32.57.71.191
729,Merla,Izakoff,mizakoffk8@constantcontact.com,Female,153.100.140.236
730,Ignazio,Aubrun,iaubrunk9@ustream.tv,Male,234.112.116.163
731,Curr,Nuschke,cnuschkeka@meetup.com,Male,196.231.141.150
732,Jim,Asson,jassonkb@ucoz.com,Male,41.61.140.158
733,Curran,Sidwell,csidwellkc@bbc.co.uk,Male,251.169.252.237
734,Madelle,Blasetti,mblasettikd@biglobe.ne.jp,Female,208.52.70.125
735,Cordie,Lago,clagoke@jugem.jp,Female,42.232.214.86
736,Alair,Perett,aperettkf@upenn.edu,Male,65.189.81.118
737,Bette-ann,Fugere,bfugerekg@google.co.jp,Female,141.127.214.30
738,Datha,Matterface,dmatterfacekh@fema.gov,Female,176.99.100.158
739,Audie,Suero,asueroki@51.la,Female,201.195.254.106
740,Francklin,Randle,frandlekj@shareasale.com,Male,215.103.106.168
741,Moselle,Jaquiss,mjaquisskk@ameblo.jp,Female,133.54.11.72
742,Daphene,Currey,dcurreykl@nifty.com,Genderfluid,226.181.1.155
743,Beatrix,Langer,blangerkm@posterous.com,Female,49.254.68.122
744,Consuelo,Charrette,ccharrettekn@bloglines.com,Female,141.69.173.61
745,Sile,Zwicker,szwickerko@facebook.com,Female,134.206.212.74
746,Florence,Thorneloe,fthorneloekp@posterous.com,Female,180.244.35.146
747,Allan,Kitteridge,akitteridgekq@ocn.ne.jp,Male,46.84.36.253
748,Hilary,Parramore,hparramorekr@google.com,Female,0.195.11.35
749,Timoteo,Sandland,tsandlandks@php.net,Agender,119.2.15.138
750,Dannel,Stollenbeck,dstollenbeckkt@reference.com,Bigender,2.12.79.134
751,Seline,Zold,szoldku@twitpic.com,Female,158.73.107.222
752,Taber,Touzey,ttouzeykv@altervista.org,Bigender,99.173.54.56
753,Richie,Mulvagh,rmulvaghkw@booking.com,Male,128.7.175.219
754,Cathrine,McKeown,cmckeownkx@wix.com,Female,13.237.63.98
755,Cara,Tulloch,ctullochky@last.fm,Female,185.102.132.44
756,Boris,Breckenridge,bbreckenridgekz@mtv.com,Male,36.130.74.67
757,Alexei,Flight,aflightl0@163.com,Male,212.98.167.24
758,Sergio,Le Marquand,slemarquandl1@imgur.com,Non-binary,80.76.111.78
759,Dewie,Alderman,daldermanl2@exblog.jp,Male,221.51.227.146
760,Ruprecht,Pires,rpiresl3@huffingtonpost.com,Male,27.245.27.16
761,Guenevere,Feeny,gfeenyl4@merriam-webster.com,Female,22.166.177.107
762,Bram,McCarry,bmccarryl5@themeforest.net,Male,152.73.215.225
763,Pearce,Corington,pcoringtonl6@odnoklassniki.ru,Male,141.155.132.225
764,Newton,Mikalski,nmikalskil7@huffingtonpost.com,Male,125.63.130.231
765,Malchy,Overstone,moverstonel8@fema.gov,Male,235.62.17.236
766,Sal,Gleadhall,sgleadhalll9@rambler.ru,Female,48.118.210.85
767,Pearl,Cawsby,pcawsbyla@dropbox.com,Female,49.185.191.171
768,Demeter,MacScherie,dmacscherielb@webmd.com,Female,162.252.74.197
769,Myrtia,Hinzer,mhinzerlc@independent.co.uk,Female,127.235.248.205
770,Angelique,Wellesley,awellesleyld@edublogs.org,Female,56.19.202.251
771,Van,Clayfield,vclayfieldle@va.gov,Agender,147.33.49.158
772,Francene,Llewellyn,fllewellynlf@naver.com,Female,36.152.250.128
773,Erica,Gallant,egallantlg@mediafire.com,Female,124.151.223.111
774,Trude,Filimore,tfilimorelh@posterous.com,Female,179.1.76.28
775,Gualterio,Peascod,gpeascodli@google.fr,Male,146.151.35.119
776,Kailey,Hardin,khardinlj@blogtalkradio.com,Female,109.195.174.170
777,Peterus,Luchetti,pluchettilk@over-blog.com,Male,3.52.173.176
778,Maurie,Farey,mfareyll@auda.org.au,Male,35.143.102.224
779,Jarid,de Chastelain,jdechastelainlm@bigcartel.com,Male,130.67.235.55
780,Horten,Loadsman,hloadsmanln@hexun.com,Male,177.104.159.34
781,Godart,Featherstone,gfeatherstonelo@clickbank.net,Male,131.241.90.42
782,Susannah,Popland,spoplandlp@ycombinator.com,Female,108.31.1.128
783,Harman,Tegeller,htegellerlq@comsenz.com,Male,156.101.209.211
784,Ulysses,Gepp,ugepplr@youtu.be,Male,232.75.123.93
785,Mariquilla,Jackson,mjacksonls@360.cn,Female,149.41.98.86
786,Jecho,Dhenin,jdheninlt@microsoft.com,Male,174.189.87.224
787,Ryan,Kitchingman,rkitchingmanlu@xinhuanet.com,Male,120.110.59.0
788,Roch,Egalton,regaltonlv@jimdo.com,Female,170.96.214.187
789,Ebenezer,Hassen,ehassenlw@dailymail.co.uk,Male,90.93.216.22
790,Raimondo,Bolesma,rbolesmalx@forbes.com,Male,17.233.23.124
791,Dominique,Yoakley,dyoakleyly@godaddy.com,Female,247.42.160.41
792,Prescott,Bresnahan,pbresnahanlz@umn.edu,Male,195.196.100.228
793,Doti,Axcell,daxcellm0@soup.io,Female,102.70.37.234
794,Arluene,Toy,atoym1@joomla.org,Female,105.238.17.114
795,Augustine,Bridewell,abridewellm2@devhub.com,Male,145.105.104.178
796,Ofella,Strong,ostrongm3@cnet.com,Genderqueer,64.40.48.86
797,Marc,Kropach,mkropachm4@army.mil,Male,228.103.196.187
798,Paul,Cumpsty,pcumpstym5@cocolog-nifty.com,Male,232.2.30.6
799,Timi,Chaddock,tchaddockm6@mac.com,Female,51.131.13.118
800,Francoise,Freshwater,ffreshwaterm7@macromedia.com,Female,38.116.100.200
801,Larry,Simester,lsimesterm8@symantec.com,Male,98.117.94.77
802,Velvet,Dowgill,vdowgillm9@nih.gov,Female,255.154.50.90
803,Roi,Liebrecht,rliebrechtma@bluehost.com,Male,251.32.214.175
804,Melesa,Hultberg,mhultbergmb@adobe.com,Female,227.223.226.130
805,Joycelin,Filchagin,jfilchaginmc@indiegogo.com,Female,62.33.110.213
806,Luella,Lotze,llotzemd@washingtonpost.com,Female,149.59.179.204
807,Minnaminnie,Tubble,mtubbleme@yahoo.co.jp,Female,69.251.52.54
808,Florida,Skrine,fskrinemf@histats.com,Female,110.62.102.130
809,Lurette,Cullinane,lcullinanemg@wp.com,Female,72.147.117.208
810,Orville,Fasson,ofassonmh@google.com,Male,221.32.68.158
811,Bobette,Jeduch,bjeduchmi@t.co,Agender,45.247.196.119
812,Carly,Mildner,cmildnermj@oakley.com,Female,202.93.97.104
813,Joyann,Chartres,jchartresmk@tripod.com,Female,14.111.1.209
814,Lennie,Duplain,lduplainml@jimdo.com,Male,135.255.143.230
815,Stormie,Chapelhow,schapelhowmm@harvard.edu,Female,212.168.111.122
816,Lilly,Storey,lstoreymn@bloglovin.com,Female,1.81.198.166
817,Jefferson,Jahnke,jjahnkemo@imgur.com,Male,249.10.90.110
818,Romy,Doreward,rdorewardmp@redcross.org,Female,73.137.207.199
819,Marlyn,Scroxton,mscroxtonmq@tamu.edu,Female,139.210.53.130
820,Eloise,McGauhy,emcgauhymr@craigslist.org,Female,146.62.86.116
821,Elnora,Elkin,eelkinms@census.gov,Female,181.8.189.71
822,Johnnie,Jirak,jjirakmt@hp.com,Male,107.217.155.68
823,Selig,Salamon,ssalamonmu@nba.com,Male,241.250.154.74
824,Constantine,Fielding,cfieldingmv@wikipedia.org,Female,196.90.147.253
825,Nate,Beatty,nbeattymw@yahoo.com,Male,68.142.165.220
826,Arnaldo,Bavridge,abavridgemx@google.de,Male,10.215.163.9
827,Lyn,Lavielle,llaviellemy@bloomberg.com,Male,83.37.26.125
828,Abramo,Probbing,aprobbingmz@printfriendly.com,Male,71.103.147.240
829,Adaline,Mains,amainsn0@netvibes.com,Female,146.180.21.82
830,Emmi,Ottosen,eottosenn1@ycombinator.com,Female,77.62.87.88
831,Emmi,Wallbank,ewallbankn2@weibo.com,Female,6.198.101.156
832,Noelani,Dubarry,ndubarryn3@deliciousdays.com,Female,251.43.142.100
833,Krisha,Colafate,kcolafaten4@hao123.com,Male,174.219.0.144
834,Kathrine,Houlson,khoulsonn5@lycos.com,Female,53.83.170.222
835,Ofilia,Aglione,oaglionen6@ed.gov,Female,170.32.62.212
836,Garrott,Cheyenne,gcheyennen7@multiply.com,Genderfluid,74.20.210.231
837,Myron,Storrock,mstorrockn8@apache.org,Male,35.112.171.172
838,Rog,McKeady,rmckeadyn9@weibo.com,Male,168.228.49.105
839,Nikola,Ingles,ninglesna@buzzfeed.com,Male,6.248.205.229
840,Courtnay,Dryden,cdrydennb@ft.com,Female,70.164.98.56
841,Corby,Salla,csallanc@nba.com,Male,101.220.12.118
842,Marysa,Hayton,mhaytonnd@nymag.com,Female,13.173.22.28
843,Danell,Dagon,ddagonne@so-net.ne.jp,Female,85.238.52.246
844,Temple,Arents,tarentsnf@com.com,Male,106.74.101.172
845,Jeremiah,Tulloch,jtullochng@vistaprint.com,Male,166.80.138.140
846,Raphael,Tarren,rtarrennh@weather.com,Male,61.185.32.11
847,Jayson,Dagwell,jdagwellni@mayoclinic.com,Male,101.6.74.8
848,Emanuele,Dundredge,edundredgenj@fc2.com,Male,21.63.228.98
849,Syman,Hattrick,shattricknk@privacy.gov.au,Male,52.84.210.177
850,Aurore,Dangl,adanglnl@myspace.com,Female,161.179.42.9
851,Darcee,Westnage,dwestnagenm@macromedia.com,Female,193.61.144.250
852,Putnam,Scain,pscainnn@ebay.co.uk,Male,195.104.231.234
853,Leeanne,Gavin,lgavinno@sfgate.com,Female,25.193.206.93
854,Gustave,Bulpitt,gbulpittnp@g.co,Male,172.175.2.129
855,Anastassia,McDuall,amcduallnq@patch.com,Female,246.227.50.96
856,Rudy,Rawes,rrawesnr@ebay.com,Male,238.24.209.13
857,Nicoli,Selwyne,nselwynens@archive.org,Female,49.23.150.218
858,Riley,Tanser,rtansernt@accuweather.com,Male,97.238.154.43
859,Bogart,Mulcock,bmulcocknu@whitehouse.gov,Male,147.151.250.128
860,Christel,Schimke,cschimkenv@hud.gov,Female,53.158.248.7
861,Ronnie,Paolicchi,rpaolicchinw@xinhuanet.com,Male,110.38.157.47
862,Royall,Provis,rprovisnx@state.tx.us,Male,117.55.123.49
863,Yehudit,Limbert,ylimbertny@google.co.jp,Male,205.203.192.158
864,Orelle,McQuaid,omcquaidnz@netlog.com,Female,41.0.47.33
865,Hamel,Marcus,hmarcuso0@samsung.com,Male,103.240.163.252
866,Skip,Alkins,salkinso1@uol.com.br,Male,172.138.94.195
867,Danya,McGreal,dmcgrealo2@army.mil,Male,225.173.133.31
868,Cleve,Carrett,ccarretto3@google.nl,Male,192.162.133.102
869,Angy,Deboick,adeboicko4@dyndns.org,Female,144.213.149.228
870,Karl,Mount,kmounto5@fc2.com,Male,142.187.53.128
871,Jessey,MacGillivray,jmacgillivrayo6@xing.com,Male,155.5.240.216
872,Cristy,Baumler,cbaumlero7@delicious.com,Female,252.173.109.27
873,Thorvald,Evemy,tevemyo8@i2i.jp,Male,96.150.40.235
874,Immanuel,Fogt,ifogto9@cpanel.net,Male,242.139.33.251
875,Lenette,McAneny,lmcanenyoa@cbsnews.com,Female,2.149.111.87
876,Deidre,Waterfield,dwaterfieldob@umich.edu,Female,196.68.61.154
877,Melisande,Piddocke,mpiddockeoc@cnet.com,Non-binary,122.144.188.207
878,Michail,Happs,mhappsod@ca.gov,Male,37.35.202.80
879,Emalia,Batters,ebattersoe@china.com.cn,Agender,47.144.160.26
880,Orville,Worg,oworgof@last.fm,Male,94.85.131.12
881,Evelyn,Lipsett,elipsettog@phoca.cz,Male,166.203.230.81
882,Margo,St Ledger,mstledgeroh@oaic.gov.au,Female,177.172.86.193
883,Scotty,Blaydes,sblaydesoi@senate.gov,Male,228.179.193.147
884,Nari,Dorant,ndorantoj@washingtonpost.com,Female,46.105.206.215
885,Cammi,Fullicks,cfullicksok@seesaa.net,Female,99.27.195.75
886,Giordano,Corde,gcordeol@blinklist.com,Polygender,209.246.212.195
887,Fey,Roo,frooom@xinhuanet.com,Female,139.225.215.105
888,Tiler,Clemitt,tclemitton@mediafire.com,Male,53.232.216.106
889,Kellia,Brik,kbrikoo@salon.com,Female,158.46.186.126
890,Cello,Joberne,cjoberneop@psu.edu,Male,112.100.197.226
891,Reinwald,Vasyanin,rvasyaninoq@mapy.cz,Male,177.221.175.147
892,Marcia,Pache,mpacheor@yale.edu,Female,159.4.115.19
893,Arlana,Seabrooke,aseabrookeos@bravesites.com,Female,208.207.131.75
894,Yasmin,Yakushkin,yyakushkinot@geocities.com,Female,86.33.228.242
895,Helen-elizabeth,Willows,hwillowsou@youku.com,Female,14.107.242.221
896,Chris,Gazey,cgazeyov@soundcloud.com,Male,183.86.139.80
897,Ashia,Coe,acoeow@msn.com,Bigender,181.6.12.101
898,Taber,Duplock,tduplockox@artisteer.com,Male,232.174.193.29
899,Gunar,McEvoy,gmcevoyoy@360.cn,Male,45.2.7.147
900,Webb,Mayoh,wmayohoz@google.ru,Male,27.228.14.50
901,Antonetta,Booeln,abooelnp0@uiuc.edu,Female,194.85.171.163
902,Ora,Standbrook,ostandbrookp1@spotify.com,Female,136.217.254.113
903,Elvera,Kenward,ekenwardp2@google.ru,Female,226.6.40.160
904,Davidson,Darton,ddartonp3@un.org,Male,58.129.126.149
905,Adler,Cottel,acottelp4@mtv.com,Male,135.84.136.177
906,Sukey,Fentem,sfentemp5@house.gov,Bigender,181.93.116.8
907,Linn,Demicoli,ldemicolip6@cbc.ca,Female,36.17.87.17
908,Noah,Buff,nbuffp7@cbsnews.com,Male,43.238.55.52
909,Odelinda,Leyden,oleydenp8@google.nl,Female,249.227.120.57
910,Farra,Ziemens,fziemensp9@themeforest.net,Female,8.183.82.69
911,Sibby,Thorndycraft,sthorndycraftpa@instagram.com,Genderqueer,213.224.182.246
912,Kristyn,Corgenvin,kcorgenvinpb@jugem.jp,Female,11.131.232.26
913,Karon,Schermick,kschermickpc@utexas.edu,Female,35.4.101.75
914,Kalle,Orrin,korrinpd@spotify.com,Male,169.204.245.174
915,Diarmid,Wrassell,dwrassellpe@uiuc.edu,Male,17.94.132.37
916,Aida,Bilton,abiltonpf@shop-pro.jp,Agender,167.219.46.3
917,Stormie,Ragsdale,sragsdalepg@ed.gov,Female,108.10.33.41
918,Melinda,Jury,mjuryph@amazon.com,Female,192.110.133.193
919,Olwen,Videler,ovidelerpi@123-reg.co.uk,Female,255.46.231.244
920,Walliw,Clogg,wcloggpj@google.fr,Female,141.214.198.182
921,Roland,Pawlowicz,rpawlowiczpk@vkontakte.ru,Male,72.115.15.165
922,Quintus,Meijer,qmeijerpl@noaa.gov,Male,70.87.125.119
923,Byran,Ashpital,bashpitalpm@blinklist.com,Male,65.139.58.117
924,Klemens,Mcimmie,kmcimmiepn@freewebs.com,Male,144.224.141.16
925,Janot,Gorvette,jgorvettepo@fotki.com,Female,220.14.226.12
926,Patience,Robers,proberspp@theguardian.com,Female,236.219.49.149
927,Bev,Pentelo,bpentelopq@xrea.com,Female,59.58.180.250
928,Ileana,Leeuwerink,ileeuwerinkpr@vk.com,Female,185.80.15.180
929,Milicent,Glover,mgloverps@yellowbook.com,Female,206.89.214.178
930,Nancie,Neilands,nneilandspt@amazon.co.uk,Female,195.215.197.164
931,Flossi,Denzilow,fdenzilowpu@independent.co.uk,Female,41.209.33.28
932,Merrili,Crookshank,mcrookshankpv@jugem.jp,Female,253.0.11.198
933,Lem,Zelley,lzelleypw@illinois.edu,Male,75.49.224.76
934,Janene,Palphramand,jpalphramandpx@ca.gov,Female,86.37.48.234
935,Jaclin,Eddy,jeddypy@youtu.be,Female,7.64.19.174
936,Nada,Berceros,nbercerospz@merriam-webster.com,Female,126.49.9.100
937,Lucais,Stanbro,lstanbroq0@etsy.com,Male,22.161.42.199
938,Davidson,Gynni,dgynniq1@miibeian.gov.cn,Male,123.86.165.3
939,Bogey,Hillhouse,bhillhouseq2@opensource.org,Male,143.91.170.90
940,Evelyn,Castletine,ecastletineq3@engadget.com,Female,91.113.140.14
941,Sloane,Hassent,shassentq4@is.gd,Male,56.209.31.208
942,Donna,Shere,dshereq5@illinois.edu,Female,108.82.130.228
943,Conrad,Hamor,chamorq6@prlog.org,Male,140.150.12.62
944,Iolande,Zorzin,izorzinq7@desdev.cn,Female,122.252.227.62
945,Alma,Sambals,asambalsq8@usda.gov,Female,150.162.4.7
946,Marsh,Heggie,mheggieq9@wired.com,Male,146.59.84.92
947,Othello,Petrescu,opetrescuqa@wunderground.com,Male,250.37.64.210
948,Meredeth,Pleat,mpleatqb@linkedin.com,Male,171.238.172.168
949,Chicky,Havers,chaversqc@bluehost.com,Female,247.118.66.68
950,Olivia,McQuarrie,omcquarrieqd@gravatar.com,Female,87.97.250.100
951,Gusti,Gaither,ggaitherqe@sakura.ne.jp,Female,250.187.230.147
952,Torrie,Stitson,tstitsonqf@bloglines.com,Female,210.171.216.219
953,Ebony,Norwood,enorwoodqg@gizmodo.com,Female,237.189.111.144
954,Mayer,Rowthorn,mrowthornqh@illinois.edu,Male,152.33.10.7
955,Hollyanne,Smeeth,hsmeethqi@hatena.ne.jp,Female,18.247.195.158
956,Travis,Andras,tandrasqj@nature.com,Male,152.7.31.106
957,Tandy,Siddele,tsiddeleqk@timesonline.co.uk,Bigender,11.127.217.158
958,Karlens,Teers,kteersql@moonfruit.com,Male,8.60.108.48
959,Byram,Chidzoy,bchidzoyqm@comsenz.com,Male,22.118.70.89
960,Neall,Dipple,ndippleqn@alibaba.com,Male,153.55.169.40
961,Karie,Robertacci,krobertacciqo@g.co,Female,208.62.226.57
962,Paule,Shenfish,pshenfishqp@usnews.com,Female,246.180.3.49
963,Ted,Pettman,tpettmanqq@washington.edu,Male,110.235.149.251
964,Lawry,Donahue,ldonahueqr@booking.com,Male,36.121.112.194
965,Min,Duffit,mduffitqs@irs.gov,Female,35.96.242.129
966,Judon,Chevin,jchevinqt@about.com,Male,44.45.240.178
967,Sally,Vaissiere,svaissierequ@marketwatch.com,Female,247.88.111.231
968,Lynette,Gilhespy,lgilhespyqv@bing.com,Polygender,1.18.209.64
969,Russ,Mesant,rmesantqw@fc2.com,Non-binary,72.116.129.253
970,Rebecka,McKain,rmckainqx@twitter.com,Female,219.161.49.220
971,Andrei,Rablan,arablanqy@ucoz.com,Female,180.241.162.6
972,Brnaby,Hanner,bhannerqz@tmall.com,Male,69.36.19.199
973,Corbet,Monaghan,cmonaghanr0@paypal.com,Male,158.164.120.17
974,Peadar,Rabbage,prabbager1@shutterfly.com,Male,146.81.197.235
975,Thaddus,Cockitt,tcockittr2@issuu.com,Male,121.4.6.3
976,Ange,Parlott,aparlottr3@nih.gov,Male,179.138.104.172
977,Tedmund,Fairham,tfairhamr4@cnn.com,Male,126.116.114.185
978,Eba,Bulter,ebulterr5@webeden.co.uk,Female,223.64.148.189
979,Freddy,Ridgers,fridgersr6@wikispaces.com,Male,2.176.177.206
980,Alphard,Hentzer,ahentzerr7@yandex.ru,Male,18.202.44.220
981,Ethan,Lembcke,elembcker8@yolasite.com,Male,7.116.38.114
982,Brooke,Frunks,bfrunksr9@amazon.co.uk,Female,232.180.87.0
983,Kyle,Grimsdith,kgrimsdithra@tinypic.com,Male,55.83.130.61
984,Siusan,Biermatowicz,sbiermatowiczrb@wikimedia.org,Female,215.4.119.18
985,Cleavland,Dutnell,cdutnellrc@pagesperso-orange.fr,Male,86.24.125.241
986,Rozina,Yuryshev,ryuryshevrd@tripod.com,Female,234.255.167.165
987,Erie,Dannatt,edannattre@slideshare.net,Male,42.95.151.175
988,Caddric,Kivits,ckivitsrf@bbc.co.uk,Male,124.230.58.71
989,Arvy,Tuck,atuckrg@netscape.com,Male,250.145.135.75
990,Hubert,Jorgensen,hjorgensenrh@ow.ly,Male,222.13.42.240
991,Cullie,Piechnik,cpiechnikri@nifty.com,Male,163.10.86.19
992,Juliane,Irwin,jirwinrj@histats.com,Female,139.165.205.108
993,Jaquenetta,Manneville,jmannevillerk@seattletimes.com,Female,187.250.22.192
994,Davida,Ganning,dganningrl@eventbrite.com,Female,173.37.39.26
995,Malia,Corringham,mcorringhamrm@cnet.com,Female,249.22.85.223
996,Colene,Sansbury,csansburyrn@toplist.cz,Female,139.70.234.160
997,Verla,Linturn,vlinturnro@nytimes.com,Female,182.35.174.242
998,Salomo,Legges,sleggesrp@acquirethisname.com,Male,102.240.9.23
999,Woodman,Gayler,wgaylerrq@tinypic.com,Agender,253.95.98.148
1000,Keenan,Luchetti,kluchettirr@independent.co.uk,Male,90.13.41.74
